ym,cust_cnt,order_cnt,rev_total,ARPPU
2010-12,885,1400,572713.8900000144,647.1343389830672
2011-01,741,987,569445.0400000098,768.481835357638
2011-02,758,998,447137.3500000149,589.8909630607056
2011-03,974,1321,595500.760000015,611.3970841889271
2011-04,856,1149,469200.36100001365,548.1312628504833
2011-05,1056,1555,678594.5600000097,642.6084848484941
2011-06,991,1393,661213.690000011,667.2186579213027
2011-07,941,1318,577941.931000011,614.1784601487897
