ym,cust_cnt,order_cnt,rev_total,ARPPU
2010-12,886,1699,823746.1399999583,929.7360496613526
2011-01,742,1216,691364.5600000067,931.758167115912
2011-02,759,1174,523631.8900000291,689.8970882740831
2011-03,975,1665,717639.3599999989,736.0403692307682
2011-04,857,1504,537808.6210000267,627.547982497114
2011-05,1057,1848,770120.0500000198,728.5903973510121
