ym,pu,arppu
2020-10,3796,148.20610906216893
2020-11,4328,182.0439556377061
