ym,order_per_user,atv
2020-10,1.0904,135.92423049045516
2020-11,1.1317,160.8587668436072
